{
    "PORT":"6001",
    "PRIVATE_KEY":"codeforindia",
    "CLIENT_ID":"ae04520c5971bac86b8c",
    "CLIENT_SECRET":"85a30dc7e685a28b83a2ea75f4e6c97124ab070d",
    "REDIRECT_URI":"http://192.168.68.66:6001/api/user/verified",
    "URL":"http://localhost:6001",
    "SCOPE":"repo%20user",
    "USERNAME":"abdulquayyum-in",
    "GIT_ID":"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",
    "DB_URL":"mongodb+srv://quayyummohd871:Rizwan123@gitcoin.zwboj26.mongodb.net/gitcoin",
    "EMAIL_SMTP":{
        "HOST":"mail.quayyum.in",
        "AUTH":{
            "USER":"info@quayyum.in",
            "PASS":"@Rizwan123"
        },
        "PORT":465
    } 
}